,,,Stationary
,,,Stationary
,,,Stationary
,,,Stationary
,,,Stationary
,,,Stationary
,,,Stationary
,,,Stationary
,,,Stationary
,,,Stationary
,,,Stationary
,,,Stationary
,,,Stationary
,,,Stationary
,,,Stationary
,,,Stationary
,,,Stationary
,,,Stationary
,,,Stationary
,,,Stationary
,,,Stationary
,,,Stationary
,,,Stationary
,,,Stationary
,,,Stationary
,,,Stationary
,,,Stationary
,,,Stationary
,,,Stationary
,,,Stationary
,,,Stationary
,,,Stationary
,,,Stationary
,,,Stationary
,,,Stationary
,,,Stationary
,,,Stationary
,,,Stationary
,,,Stationary
,,,Stationary
,,,Stationary
,,,Stationary
,,,Stationary
,,,Stationary
,,,Stationary
,,,Stationary
,,,Stationary
,,,Stationary
,,,Stationary
,,,Stationary
,,,Stationary
,,,Stationary
,,,Stationary
,,,Stationary
,,,Stationary
,,,Stationary
,,,Stationary
,,,Stationary
,,,Stationary
,,,Stationary
,,,Stationary
,,,Stationary
,,,Stationary
,,,Stationary
,,,Stationary
,,,Stationary
,,,Stationary
,,,Stationary
,,,Stationary
,,,Stationary
,,,Stationary
,,,Stationary
,,,Stationary
,,,Stationary
,,,Stationary
,,,Stationary
,,,Stationary
,,,Stationary
,,,Stationary
,,,Stationary
,,,Stationary
,,,Stationary
,,,Stationary
,,,Stationary
,,,Stationary
,,,Stationary
,,,Stationary
,,,Stationary
,,,Stationary
,,,Stationary
,,,Stationary
,,,Stationary
,,,Stationary
,,,Stationary
,,,Stationary
,,,Stationary
,,,Stationary
,,,Stationary
,,,Stationary
,,,Stationary
,,,Stationary
,,,Stationary
,,,Stationary
,,,Stationary
,,,Stationary
,,,Stationary
,,,Stationary
,,,Stationary
,,,Stationary
,,,Stationary
,,,Stationary
,,,Stationary
,,,Stationary
,,,Stationary
,,,Stationary
,,,Stationary
,,,Stationary
,,,Stationary
,,,Stationary
,,,Stationary
,,,Stationary
,,,Stationary
,,,Stationary
,,,Stationary
,,,Stationary
,,,Stationary
,,,Stationary
,,,Stationary
,,,Stationary
,,,Stationary
,,,Stationary
,,,Stationary
,,,Stationary
,,,Stationary
,,,Stationary
,,,Stationary
,,,Stationary
,,,Stationary
,,,Stationary
,,,Stationary
,,,Stationary
,,,Stationary
,,,Stationary
,,,Stationary
,,,Stationary
,,,Stationary
,,,Stationary
,,,Stationary
,,,Stationary
,,,Stationary
,,,Stationary
,,,Stationary
,,,Stationary
,,,Stationary
,,,Stationary
,,,Stationary
,,,Stationary
,,,Stationary
,,,Stationary
,,,Stationary
,,,Stationary
,,,Stationary
,,,Stationary
,,,Stationary
,,,Stationary
,,,Stationary
,,,Stationary
,,,Stationary
,,,Stationary
,,,Stationary
,,,Stationary
,,,Stationary
,,,Stationary
,,,Stationary
,,,Stationary
,,,Stationary
,,,Stationary
,,,Stationary
,,,Stationary
,,,Stationary
,,,Stationary
,,,Stationary
,,,Stationary
,,,Stationary
,,,Stationary
,,,Stationary
,,,Stationary
,,,Stationary
,,,Stationary
,,,Stationary
,,,Stationary
,,,Stationary
,,,Stationary
,,,Stationary
,,,Stationary
,,,Stationary
,,,Stationary
,,,Stationary
,,,Stationary
,,,Stationary
,,,Stationary
,,,Stationary
,,,Stationary
,,,Stationary
,,,Stationary
,,,Stationary
,,,Stationary
,,,Stationary
,,,Stationary
,,,Stationary
,,,Stationary
,,,Stationary
,,,Stationary
,,,Stationary
,,,Stationary
,,,Stationary
,,,Stationary
,,,Stationary
,,,Stationary
,,,Stationary
,,,Stationary
,,,Stationary
,,,Stationary
,,,Stationary
,,,Stationary
,,,Stationary
,,,Stationary
,,,Stationary
,,,Stationary
,,,Stationary
,,,Stationary
,,,Stationary
,,,Stationary
,,,Stationary
,,,Stationary
,,,Stationary
,,,Stationary
,,,Stationary
,,,Stationary
,,,Stationary
,,,Stationary
,,,Stationary
,,,Stationary
,,,Stationary
,,,Stationary
,,,Stationary
,,,Stationary
,,,Stationary
,,,Stationary
,,,Stationary
,,,Stationary
,,,Stationary
,,,Stationary
,,,Stationary
,,,Stationary
,,,Stationary
,,,Stationary
,,,Stationary
,,,Stationary
,,,Stationary
,,,Stationary
,,,Stationary
,,,Stationary
,,,Stationary
,,,Stationary
,,,Stationary
,,,Stationary
,,,Stationary
,,,Stationary
,,,Stationary
,,,Stationary
,,,Stationary
,,,Stationary
,,,Stationary
,,,Stationary
,,,Stationary
,,,Stationary
,,,Stationary
,,,Stationary
,,,Stationary
,,,Stationary
,,,Stationary
,,,Stationary
,,,Stationary
,,,Stationary
,,,Stationary
,,,Stationary
,,,Stationary
,,,Stationary
,,,Stationary
,,,Stationary
,,,Stationary
,,,Stationary
,,,Stationary
,,,Stationary
,,,Stationary
,,,Stationary
,,,Stationary
,,,Stationary
,,,Stationary
,,,Stationary
,,,Stationary
,,,Stationary
,,,Stationary
,,,Stationary
,,,Stationary
,,,Stationary
,,,Stationary
,,,Stationary
,,,Stationary
,,,Stationary
,,,Stationary
,,,Stationary
,,,Stationary
,,,Stationary
,,,Stationary
,,,Stationary
,,,Stationary
,,,Stationary
,,,Stationary
,,,Stationary
,,,Stationary
,,,Stationary
,,,Stationary
,,,Stationary
,,,Stationary
,,,Stationary
,,,Stationary
,,,Stationary
,,,Stationary
,,,Stationary
,,,Stationary
,,,Stationary
,,,Stationary
,,,Stationary
,,,Stationary
,,,Stationary
,,,Stationary
,,,Stationary
,,,Stationary
,,,Stationary
,,,Stationary
,,,Stationary
,,,Stationary
,,,Stationary
,,,Stationary
,,,Stationary
,,,Stationary
,,,Stationary
,,,Stationary
,,,Stationary
,,,Stationary
,,,Stationary
,,,Stationary
,,,Stationary
,,,Stationary
,,,Stationary
,,,Stationary
,,,Stationary
,,,Stationary
,,,Stationary
,,,Stationary
,,,Stationary
,,,Stationary
,,,Stationary
,,,Stationary
,,,Stationary
,,,Stationary
,,,Stationary
,,,Stationary
,,,Stationary
,,,Stationary
,,,Stationary
,,,Stationary
,,,Stationary
,,,Stationary
,,,Stationary
,,,Stationary
,,,Stationary
,,,Stationary
,,,Stationary
,,,Stationary
,,,Stationary
,,,Stationary
,,,Stationary
,,,Stationary
,,,Stationary
,,,Stationary
,,,Stationary
,,,Stationary
,,,Stationary
,,,Stationary
,,,Stationary
,,,Stationary
,,,Stationary
,,,Stationary
,,,Stationary
,,,Stationary
,,,Stationary
,,,Stationary
,,,Stationary
,,,Stationary
,,,Stationary
,,,Stationary
,,,Stationary
,,,Stationary
,,,Stationary
,,,Stationary
,,,Stationary
,,,Stationary
,,,Stationary
,,,Stationary
,,,Stationary
,,,Stationary
,,,Stationary
,,,Stationary
,,,Stationary
,,,Stationary
,,,Stationary
,,,Stationary
,,,Stationary
,,,Stationary
,,,Stationary
,,,Stationary
,,,Stationary
,,,Stationary
,,,Stationary
,,,Stationary
,,,Stationary
,,,Stationary
,,,Stationary
,,,Stationary
,,,Stationary
,,,Stationary
,,,Stationary
,,,Stationary
,,,Stationary
,,,Stationary
,,,Stationary
,,,Stationary
,,,Stationary
,,,Stationary
,,,Stationary
,,,Stationary
,,,Stationary
,,,Stationary
,,,Stationary
,,,Stationary
,,,Stationary
,,,Stationary
,,,Stationary
,,,Stationary
,,,Stationary
,,,Stationary
,,,Stationary
,,,Stationary
,,,Stationary
,,,Stationary
,,,Stationary
,,,Stationary
,,,Stationary
,,,Stationary
,,,Stationary
,,,Stationary
,,,Stationary
,,,Stationary
,,,Stationary
,,,Stationary
,,,Stationary
,,,Stationary
,,,Stationary
,,,Stationary
,,,Stationary
,,,Stationary
,,,Stationary
,,,Stationary
,,,Stationary
,,,Stationary
,,,Stationary
,,,Stationary
,,,Stationary
,,,Stationary
,,,Stationary
,,,Stationary
,,,Stationary
,,,Stationary
,,,Stationary
,,,Stationary
,,,Stationary
,,,Stationary
,,,Stationary
,,,Stationary
,,,Stationary
,,,Stationary
,,,Stationary
,,,Stationary
,,,Stationary
,,,Stationary
,,,Stationary
,,,Stationary
,,,Stationary
,,,Stationary
,,,Stationary
,,,Stationary
,,,Stationary
,,,Stationary
,,,Stationary
,,,Stationary
,,,Stationary
,,,Stationary
,,,Stationary
,,,Stationary
,,,Stationary
,,,Stationary
,,,Stationary
,,,Stationary
,,,Stationary
,,,Stationary
,,,Stationary
,,,Stationary
,,,Stationary
,,,Stationary
,,,Stationary
,,,Stationary
,,,Stationary
,,,Stationary
,,,Stationary
,,,Stationary
,,,Stationary
,,,Stationary
,,,Stationary
,,,Stationary
,,,Stationary
,,,Stationary
,,,Stationary
,,,Stationary
,,,Stationary
,,,Stationary
,,,Stationary
,,,Stationary
,,,Stationary
,,,Stationary
,,,Stationary
,,,Stationary
,,,Stationary
,,,Stationary
,,,Stationary
,,,Stationary
,,,Stationary
,,,Stationary
,,,Stationary
,,,Stationary
,,,Stationary
,,,Stationary
,,,Stationary
,,,Stationary
,,,Stationary
,,,Stationary
,,,Stationary
,,,Stationary
,,,Stationary
,,,Stationary
,,,Stationary
,,,Stationary
,,,Stationary
,,,Stationary
,,,Stationary
,,,Stationary
,,,Stationary
,,,Stationary
,,,Stationary
,,,Stationary
,,,Stationary
,,,Stationary
,,,Stationary
,,,Stationary
,,,Stationary
,,,Stationary
,,,Stationary
,,,Stationary
,,,Stationary
,,,Stationary
,,,Stationary
,,,Stationary
,,,Stationary
,,,Stationary
,,,Stationary
,,,Stationary
,,,Stationary
,,,Stationary
,,,Stationary
,,,Stationary
,,,Stationary
,,,Stationary
,,,Stationary
,,,Stationary
,,,Stationary
,,,Stationary
,,,Stationary
,,,Stationary
,,,Stationary
,,,Stationary
,,,Stationary
,,,Stationary
,,,Stationary
,,,Stationary
,,,Stationary
,,,Stationary
,,,Stationary
,,,Stationary
,,,Stationary
,,,Stationary
,,,Stationary
,,,Stationary
,,,Stationary
,,,Stationary
,,,Stationary
,,,Stationary
,,,Stationary
,,,Stationary
,,,Stationary
,,,Stationary
,,,Stationary
,,,Stationary
,,,Stationary
,,,Stationary
,,,Stationary
,,,Stationary
,,,Stationary
,,,Stationary
,,,Stationary
,,,Stationary
,,,Stationary
,,,Stationary
,,,Stationary
,,,Stationary
,,,Stationary
,,,Stationary
,,,Stationary
,,,Stationary
,,,Stationary
,,,Stationary
,,,Stationary
,,,Stationary
,,,Stationary
,,,Stationary
,,,Stationary
,,,Stationary
,,,Stationary
,,,Stationary
,,,Stationary
,,,Stationary
,,,Stationary
,,,Stationary
,,,Stationary
,,,Stationary
,,,Stationary
,,,Stationary
,,,Stationary
,,,Stationary
,,,Stationary
,,,Stationary
,,,Stationary
,,,Stationary
,,,Stationary
,,,Stationary
,,,Stationary
,,,Stationary
,,,Stationary
,,,Stationary
,,,Stationary
,,,Stationary
,,,Stationary
,,,Stationary
,,,Stationary
,,,Stationary
,,,Stationary
,,,Stationary
,,,Stationary
,,,Stationary
,,,Stationary
,,,Stationary
,,,Stationary
,,,Stationary
,,,Stationary
,,,Stationary
,,,Stationary
,,,Stationary
,,,Stationary
,,,Stationary
,,,Stationary
,,,Stationary
,,,Stationary
,,,Stationary
,,,Stationary
,,,Stationary
,,,Stationary
,,,Stationary
,,,Stationary
,,,Stationary
,,,Stationary
,,,Stationary
,,,Stationary
,,,Stationary
,,,Stationary
,,,Stationary
,,,Stationary
,,,Stationary
,,,Stationary
,,,Stationary
,,,Stationary
,,,Stationary
,,,Stationary
,,,Stationary
,,,Stationary
,,,Stationary
,,,Stationary
,,,Stationary
,,,Stationary
,,,Stationary
,,,Stationary
,,,Stationary
,,,Stationary
,,,Stationary
,,,Stationary
,,,Stationary
,,,Stationary
,,,Stationary
,,,Stationary
,,,Stationary
,,,Stationary
,,,Stationary
,,,Stationary
,,,Stationary
,,,Stationary
,,,Stationary
,,,Stationary
,,,Stationary
,,,Stationary
,,,Stationary
,,,Stationary
,,,Stationary
,,,Stationary
,,,Stationary
,,,Stationary
,,,Stationary
,,,Stationary
,,,Stationary
,,,Stationary
,,,Stationary
,,,Stationary
,,,Stationary
,,,Stationary
,,,Stationary
,,,Stationary
,,,Stationary
,,,Stationary
,,,Stationary
,,,Stationary
,,,Stationary
,,,Stationary
,,,Stationary
,,,Stationary
,,,Stationary
,,,Stationary
,,,Stationary
,,,Stationary
,,,Stationary
,,,Stationary
,,,Stationary
,,,Stationary
,,,Stationary
,,,Stationary
,,,Stationary
,,,Stationary
,,,Stationary
,,,Stationary
,,,Stationary
,,,Stationary
,,,Stationary
,,,Stationary
,,,Stationary
,,,Stationary
,,,Stationary
,,,Stationary
,,,Stationary
,,,Stationary
,,,Stationary
,,,Stationary
,,,Stationary
,,,Stationary
,,,Stationary
,,,Stationary
,,,Stationary
,,,Stationary
,,,Stationary
,,,Stationary
,,,Stationary
,,,Stationary
,,,Stationary
,,,Stationary
,,,Stationary
,,,Stationary
,,,Stationary
,,,Stationary
,,,Stationary
,,,Stationary
,,,Stationary
,,,Stationary
,,,Stationary
,,,Stationary
,,,Stationary
,,,Stationary
,,,Stationary
,,,Stationary
,,,Stationary
,,,Stationary
,,,Stationary
,,,Stationary
,,,Stationary
,,,Stationary
,,,Stationary
,,,Stationary
,,,Stationary
,,,Stationary
,,,Stationary
,,,Stationary
,,,Stationary
,,,Stationary
,,,Stationary
,,,Stationary
,,,Stationary
,,,Stationary
,,,Stationary
,,,Stationary
,,,Stationary
,,,Stationary
,,,Stationary
,,,Stationary
,,,Stationary
,,,Stationary
,,,Stationary
,,,Stationary
,,,Stationary
,,,Stationary
,,,Stationary
,,,Stationary
,,,Stationary
,,,Stationary
,,,Stationary
,,,Stationary
,,,Stationary
,,,Stationary
,,,Stationary
,,,Stationary
,,,Stationary
,,,Stationary
,,,Stationary
,,,Stationary
,,,Stationary
,,,Stationary
,,,Stationary
,,,Stationary
,,,Stationary
,,,Stationary
,,,Stationary
,,,Stationary
,,,Stationary
,,,Stationary
,,,Stationary
,,,Stationary
,,,Stationary
,,,Stationary
,,,Stationary
,,,Stationary
,,,Stationary
,,,Stationary
,,,Stationary
,,,Stationary
,,,Stationary
,,,Stationary
,,,Stationary
,,,Stationary
,,,Stationary
,,,Stationary
,,,Stationary
,,,Stationary
,,,Stationary
,,,Stationary
,,,Stationary
,,,Stationary
,,,Stationary
,,,Stationary
,,,Stationary
,,,Stationary
,,,Stationary
,,,Stationary
,,,Stationary
,,,Stationary
,,,Stationary
,,,Stationary
,,,Stationary
,,,Stationary
,,,Stationary
,,,Stationary
,,,Stationary
,,,Stationary
,,,Stationary
,,,Stationary
,,,Stationary
,,,Stationary
,,,Stationary
,,,Stationary
,,,Stationary
,,,Stationary
,,,Stationary
,,,Stationary
,,,Stationary
,,,Stationary
,,,Stationary
,,,Stationary
,,,Stationary
,,,Stationary
,,,Stationary
,,,Stationary
,,,Stationary
,,,Stationary
,,,Stationary
,,,Stationary
,,,Stationary
,,,Stationary
,,,Stationary
,,,Stationary
,,,Stationary
,,,Stationary
,,,Stationary
,,,Stationary
,,,Stationary
,,,Stationary
,,,Stationary
,,,Stationary
,,,Stationary
,,,Stationary
,,,Stationary
,,,Stationary
,,,Stationary
,,,Stationary
,,,Stationary
,,,Stationary
,,,Stationary
,,,Stationary
,,,Stationary
,,,Stationary
,,,Stationary
,,,Stationary
,,,Stationary
,,,Stationary
,,,Stationary
,,,Stationary
,,,Stationary
,,,Stationary
,,,Stationary
,,,Stationary
,,,Stationary
,,,Stationary
,,,Stationary
,,,Stationary
,,,Stationary
,,,Stationary
,,,Stationary
,,,Stationary
,,,Stationary
,,,Stationary
,,,Stationary
,,,Stationary
,,,Stationary
,,,Stationary
,,,Stationary
,,,Stationary
,,,Stationary
,,,Stationary
,,,Stationary
,,,Stationary
,,,Stationary
,,,Stationary
,,,Stationary
,,,Stationary
,,,Stationary
,,,Stationary
,,,Stationary
,,,Stationary
,,,Stationary
,,,Stationary
,,,Stationary
,,,Stationary
,,,Stationary
,,,Stationary
,,,Stationary
,,,Stationary
,,,Stationary
,,,Stationary
,,,Stationary
,,,Stationary
,,,Stationary
,,,Stationary
,,,Stationary
,,,Stationary
,,,Stationary
,,,Stationary
,,,Stationary
,,,Stationary
,,,Stationary
,,,Stationary
,,,Stationary
,,,Stationary
,,,Stationary
,,,Stationary
,,,Stationary
,,,Stationary
,,,Stationary
,,,Stationary
,,,Stationary
,,,Stationary
,,,Stationary
,,,Stationary
,,,Stationary
,,,Stationary
,,,Stationary
,,,Stationary
,,,Stationary
,,,Stationary
,,,Stationary
,,,Stationary
,,,Stationary
,,,Stationary
,,,Stationary
,,,Stationary
,,,Stationary
,,,Stationary
,,,Stationary
,,,Stationary
,,,Stationary
,,,Stationary
,,,Stationary
,,,Stationary
,,,Stationary
,,,Stationary
,,,Stationary
,,,Stationary
,,,Stationary
,,,Stationary
,,,Stationary
,,,Stationary
,,,Stationary
,,,Stationary
,,,Stationary
,,,Stationary
,,,Stationary
,,,Stationary
,,,Stationary
,,,Stationary
,,,Stationary
,,,Stationary
,,,Stationary
,,,Stationary
,,,Stationary
,,,Stationary
,,,Stationary
,,,Stationary
,,,Stationary
,,,Stationary
,,,Stationary
,,,Stationary
,,,Stationary
,,,Stationary
,,,Stationary
,,,Stationary
,,,Stationary
,,,Stationary
,,,Stationary
,,,Stationary
,,,Stationary
,,,Stationary
,,,Stationary
,,,Stationary
,,,Stationary
,,,Stationary
,,,Stationary
,,,Stationary
,,,Stationary
,,,Stationary
,,,Stationary
,,,Stationary
,,,Stationary
,,,Stationary
,,,Stationary
,,,Stationary
,,,Stationary
,,,Stationary
,,,Stationary
,,,Stationary
,,,Stationary
,,,Stationary
,,,Stationary
,,,Stationary
,,,Stationary
,,,Stationary
,,,Stationary
,,,Stationary
,,,Stationary
,,,Stationary
,,,Stationary
,,,Stationary
,,,Stationary
,,,Stationary
,,,Stationary
,,,Stationary
,,,Stationary
,,,Stationary
,,,Stationary
,,,Stationary
,,,Stationary
,,,Stationary
,,,Stationary
,,,Stationary
,,,Stationary
,,,Stationary
,,,Stationary
,,,Stationary
,,,Stationary
,,,Stationary
,,,Stationary
,,,Stationary
,,,Stationary
,,,Stationary
,,,Stationary
,,,Stationary
,,,Stationary
,,,Stationary
,,,Stationary
,,,Stationary
,,,Stationary
,,,Stationary
,,,Stationary
,,,Stationary
,,,Stationary
,,,Stationary
,,,Stationary
,,,Stationary
,,,Stationary
,,,Stationary
,,,Stationary
,,,Stationary
,,,Stationary
,,,Stationary
,,,Stationary
,,,Stationary
,,,Stationary
,,,Stationary
,,,Stationary
,,,Stationary
,,,Stationary
,,,Stationary
,,,Stationary
,,,Stationary
,,,Stationary
,,,Stationary
,,,Stationary
,,,Stationary
,,,Stationary
,,,Stationary
,,,Stationary
,,,Stationary
,,,Stationary
,,,Stationary
,,,Stationary
,,,Stationary
,,,Stationary
,,,Stationary
,,,Stationary
,,,Stationary
,,,Stationary
,,,Stationary
,,,Stationary
,,,Stationary
,,,Stationary
,,,Stationary
,,,Stationary
,,,Stationary
,,,Stationary
,,,Stationary
,,,Stationary
,,,Stationary
,,,Stationary
,,,Stationary
,,,Stationary
,,,Stationary
,,,Stationary
,,,Stationary
,,,Stationary
,,,Stationary
,,,Stationary
,,,Stationary
,,,Stationary
,,,Stationary
,,,Stationary
,,,Stationary
,,,Stationary
,,,Stationary
,,,Stationary
,,,Stationary
,,,Stationary
,,,Stationary
,,,Stationary
,,,Stationary
,,,Stationary
,,,Stationary
,,,Stationary
,,,Stationary
,,,Stationary
,,,Stationary
,,,Stationary
,,,Stationary
,,,Stationary
,,,Stationary
,,,Stationary
,,,Stationary
,,,Stationary
,,,Stationary
,,,Stationary
,,,Stationary
,,,Stationary
,,,Stationary
,,,Stationary
,,,Stationary
,,,Stationary
,,,Stationary
,,,Stationary
,,,Stationary
,,,Stationary
,,,Stationary
,,,Stationary
,,,Stationary
,,,Stationary
,,,Stationary
,,,Stationary
,,,Stationary
,,,Stationary
,,,Stationary
,,,Stationary
,,,Stationary
,,,Stationary
,,,Stationary
,,,Stationary
,,,Stationary
,,,Stationary
,,,Stationary
,,,Stationary
,,,Stationary
,,,Stationary
,,,Stationary
,,,Stationary
,,,Stationary
,,,Stationary
,,,Stationary
,,,Stationary
,,,Stationary
,,,Stationary
,,,Stationary
,,,Stationary
,,,Stationary
,,,Stationary
,,,Stationary
,,,Stationary
,,,Stationary
,,,Stationary
,,,Stationary
,,,Stationary
,,,Stationary
,,,Stationary
,,,Stationary
,,,Stationary
,,,Stationary
,,,Stationary
,,,Stationary
,,,Stationary
,,,Stationary
,,,Stationary
,,,Stationary
,,,Stationary
,,,Stationary
,,,Stationary
,,,Stationary
,,,Stationary
,,,Stationary
,,,Stationary
,,,Stationary
,,,Stationary
,,,Stationary
,,,Stationary
,,,Stationary
,,,Stationary
,,,Stationary
,,,Stationary
,,,Stationary
,,,Stationary
,,,Stationary
,,,Stationary
,,,Stationary
,,,Stationary
,,,Stationary
,,,Stationary
,,,Stationary
,,,Stationary
,,,Stationary
,,,Stationary
,,,Stationary
,,,Stationary
,,,Stationary
,,,Stationary
,,,Stationary
,,,Stationary
,,,Stationary
,,,Stationary
,,,Stationary
,,,Stationary
,,,Stationary
,,,Stationary
,,,Stationary
,,,Stationary
,,,Stationary
,,,Stationary
,,,Stationary
,,,Stationary
,,,Stationary
,,,Stationary
,,,Stationary
,,,Stationary
,,,Stationary
,,,Stationary
,,,Stationary
,,,Stationary
,,,Stationary
,,,Stationary
,,,Stationary
,,,Stationary
,,,Stationary
,,,Stationary
,,,Stationary
,,,Stationary
,,,Stationary
,,,Stationary
,,,Stationary
,,,Stationary
,,,Stationary
,,,Stationary
,,,Stationary
,,,Stationary
,,,Stationary
,,,Stationary
,,,Stationary
,,,Stationary
,,,Stationary
,,,Stationary
,,,Stationary
,,,Stationary
,,,Stationary
,,,Stationary
,,,Stationary
,,,Stationary
,,,Stationary
,,,Stationary
,,,Stationary
,,,Stationary
,,,Stationary
,,,Stationary
,,,Stationary
,,,Stationary
,,,Stationary
,,,Stationary
,,,Stationary
,,,Stationary
,,,Stationary
,,,Stationary
,,,Stationary
,,,Stationary
,,,Stationary
,,,Stationary
,,,Stationary
,,,Stationary
,,,Stationary
,,,Stationary
,,,Stationary
,,,Stationary
,,,Stationary
,,,Stationary
,,,Stationary
,,,Stationary
,,,Stationary
,,,Stationary
,,,Stationary
,,,Stationary
,,,Stationary
,,,Stationary
,,,Stationary
,,,Stationary
,,,Stationary
,,,Stationary
,,,Stationary
,,,Stationary
,,,Stationary
,,,Stationary
,,,Stationary
,,,Stationary
,,,Stationary
,,,Stationary
,,,Stationary
,,,Stationary
,,,Stationary
,,,Stationary
,,,Stationary
,,,Stationary
,,,Stationary
,,,Stationary
,,,Stationary
,,,Stationary
,,,Stationary
,,,Stationary
,,,Stationary
,,,Stationary
,,,Stationary
,,,Stationary
,,,Stationary
,,,Stationary
,,,Stationary
,,,Stationary
,,,Stationary
,,,Stationary
,,,Stationary
,,,Stationary
,,,Stationary
,,,Stationary
,,,Stationary
,,,Stationary
,,,Stationary
,,,Stationary
,,,Stationary
,,,Stationary
,,,Stationary
,,,Stationary
,,,Stationary
,,,Stationary
,,,Stationary
,,,Stationary
,,,Stationary
,,,Stationary
,,,Stationary
,,,Stationary
,,,Stationary
,,,Stationary
,,,Stationary
,,,Stationary
,,,Stationary
,,,Stationary
,,,Stationary
,,,Stationary
,,,Stationary
,,,Stationary
,,,Stationary
,,,Stationary
,,,Stationary
,,,Stationary
,,,Stationary
,,,Stationary
,,,Stationary
,,,Stationary
,,,Stationary
,,,Stationary
,,,Stationary
,,,Stationary
,,,Stationary
,,,Stationary
,,,Stationary
,,,Stationary
,,,Stationary
,,,Stationary
,,,Stationary
,,,Stationary
,,,Stationary
,,,Stationary
,,,Stationary
,,,Stationary
,,,Stationary
,,,Stationary
,,,Stationary
,,,Stationary
,,,Stationary
,,,Stationary
,,,Stationary
,,,Stationary
,,,Stationary
,,,Stationary
,,,Stationary
,,,Stationary
,,,Stationary
,,,Stationary
,,,Stationary
,,,Stationary
,,,Stationary
,,,Stationary
,,,Stationary
,,,Stationary
,,,Stationary
,,,Stationary
,,,Stationary
,,,Stationary
,,,Stationary
,,,Stationary
,,,Stationary
,,,Stationary
,,,Stationary
,,,Stationary
,,,Stationary
,,,Stationary
,,,Stationary
,,,Stationary
,,,Stationary
,,,Stationary
,,,Stationary
,,,Stationary
,,,Stationary
,,,Stationary
,,,Stationary
,,,Stationary
,,,Stationary
,,,Stationary
,,,Stationary
,,,Stationary
,,,Stationary
,,,Stationary
,,,Stationary
,,,Stationary
,,,Stationary
,,,Stationary
,,,Stationary
,,,Stationary
,,,Stationary
,,,Stationary
,,,Stationary
,,,Stationary
,,,Stationary
,,,Stationary
,,,Stationary
,,,Stationary
,,,Stationary
,,,Stationary
,,,Stationary
,,,Stationary
,,,Stationary
,,,Stationary
,,,Stationary
,,,Stationary
,,,Stationary
,,,Stationary
,,,Stationary
,,,Stationary
,,,Stationary
,,,Stationary
,,,Stationary
,,,Stationary
,,,Stationary
,,,Stationary
,,,Stationary
,,,Stationary
,,,Stationary
,,,Stationary
,,,Stationary
,,,Stationary
,,,Stationary
,,,Stationary
,,,Stationary
,,,Stationary
,,,Stationary
,,,Stationary
,,,Stationary
,,,Stationary
,,,Stationary
,,,Stationary
,,,Stationary
,,,Stationary
,,,Stationary
,,,Stationary
,,,Stationary
,,,Stationary
,,,Stationary
,,,Stationary
,,,Stationary
,,,Stationary
,,,Stationary
,,,Stationary
,,,Stationary
,,,Stationary
,,,Stationary
,,,Stationary
,,,Stationary
,,,Stationary
,,,Stationary
,,,Stationary
,,,Stationary
,,,Stationary
,,,Stationary
,,,Stationary
,,,Stationary
,,,Stationary
,,,Stationary
,,,Stationary
,,,Stationary
,,,Stationary
,,,Stationary
,,,Stationary
,,,Stationary
,,,Stationary
,,,Stationary
,,,Stationary
,,,Stationary
,,,Stationary
,,,Stationary
,,,Stationary
,,,Stationary
,,,Stationary
,,,Stationary
,,,Stationary
,,,Stationary
,,,Stationary
,,,Stationary
,,,Stationary
,,,Stationary
,,,Stationary
,,,Stationary
,,,Stationary
,,,Stationary
,,,Stationary
,,,Stationary
,,,Stationary
,,,Stationary
,,,Stationary
,,,Stationary
,,,Stationary
,,,Stationary
,,,Stationary
,,,Stationary
,,,Stationary
,,,Stationary
,,,Stationary
,,,Stationary
,,,Stationary
,,,Stationary
,,,Stationary
,,,Stationary
,,,Stationary
,,,Stationary
,,,Stationary
,,,Stationary
,,,Stationary
,,,Stationary
,,,Stationary
,,,Stationary
,,,Stationary
,,,Stationary
,,,Stationary
,,,Stationary
,,,Stationary
,,,Stationary
,,,Stationary
,,,Stationary
,,,Stationary
,,,Stationary
,,,Stationary
,,,Stationary
,,,Stationary
,,,Stationary
,,,Stationary
,,,Stationary
,,,Stationary
,,,Stationary
,,,Stationary
,,,Stationary
,,,Stationary
,,,Stationary
,,,Stationary
,,,Stationary
,,,Stationary
,,,Stationary
,,,Stationary
,,,Stationary
,,,Stationary
,,,Stationary
,,,Stationary
,,,Stationary
,,,Stationary
,,,Stationary
,,,Stationary
,,,Stationary
,,,Stationary
,,,Stationary
,,,Stationary
,,,Stationary
,,,Stationary
,,,Stationary
,,,Stationary
,,,Stationary
,,,Stationary
,,,Stationary
,,,Stationary
,,,Stationary
,,,Stationary
,,,Stationary
,,,Stationary
,,,Stationary
,,,Stationary
,,,Stationary
,,,Stationary
,,,Stationary
,,,Stationary
,,,Stationary
,,,Stationary
,,,Stationary
,,,Stationary
,,,Stationary
,,,Stationary
,,,Stationary
,,,Stationary
,,,Stationary
,,,Stationary
,,,Stationary
,,,Stationary
,,,Stationary
,,,Stationary
,,,Stationary
,,,Stationary
,,,Stationary
,,,Stationary
,,,Stationary
,,,Stationary
,,,Stationary
,,,Stationary
,,,Stationary
,,,Stationary
,,,Stationary
,,,Stationary
,,,Stationary
,,,Stationary
,,,Stationary
,,,Stationary
,,,Stationary
,,,Stationary
,,,Stationary
,,,Stationary
,,,Stationary
,,,Stationary
,,,Stationary
,,,Stationary
,,,Stationary
,,,Stationary
,,,Stationary
,,,Stationary
,,,Stationary
,,,Stationary
,,,Stationary
,,,Stationary
,,,Stationary
,,,Stationary
,,,Stationary
,,,Stationary
,,,Stationary
,,,Stationary
,,,Stationary
,,,Stationary
,,,Stationary
,,,Stationary
,,,Stationary
,,,Stationary
,,,Stationary
,,,Stationary
,,,Stationary
,,,Stationary
,,,Stationary
,,,Stationary
,,,Stationary
,,,Stationary
,,,Stationary
,,,Stationary
,,,Stationary
,,,Stationary
,,,Stationary
,,,Stationary
,,,Stationary
,,,Stationary
,,,Stationary
,,,Stationary
,,,Stationary
,,,Stationary
,,,Stationary
,,,Stationary
,,,Stationary
,,,Stationary
,,,Stationary
,,,Stationary
,,,Stationary
,,,Stationary
,,,Stationary
,,,Stationary
,,,Stationary
,,,Stationary
,,,Stationary
,,,Stationary
,,,Stationary
,,,Stationary
,,,Stationary
,,,Stationary
,,,Stationary
,,,Stationary
,,,Stationary
,,,Stationary
,,,Stationary
,,,Stationary
,,,Stationary
,,,Stationary
,,,Stationary
,,,Stationary
,,,Stationary
,,,Stationary
,,,Stationary
,,,Stationary
,,,Stationary
,,,Stationary
,,,Stationary
,,,Stationary
,,,Stationary
,,,Stationary
,,,Stationary
,,,Stationary
,,,Stationary
,,,Stationary
,,,Stationary
,,,Stationary
,,,Stationary
,,,Stationary
,,,Stationary
,,,Stationary
,,,Stationary
,,,Stationary
,,,Stationary
,,,Stationary
,,,Stationary
,,,Stationary
,,,Stationary
,,,Stationary
,,,Stationary
,,,Stationary
,,,Stationary
,,,Stationary
,,,Stationary
,,,Stationary
,,,Stationary
,,,Stationary
,,,Stationary
,,,Stationary
,,,Stationary
,,,Stationary
,,,Stationary
,,,Stationary
,,,Stationary
,,,Stationary
,,,Stationary
,,,Stationary
,,,Stationary
,,,Stationary
,,,Stationary
,,,Stationary
,,,Stationary
,,,Stationary
,,,Stationary
,,,Stationary
,,,Stationary
,,,Stationary
,,,Stationary
,,,Stationary
,,,Stationary
,,,Stationary
,,,Stationary
,,,Stationary
,,,Stationary
,,,Stationary
,,,Stationary
,,,Stationary
,,,Stationary
,,,Stationary
,,,Stationary
,,,Stationary
,,,Stationary
,,,Stationary
,,,Stationary
,,,Stationary
,,,Stationary
,,,Stationary
,,,Stationary
,,,Stationary
,,,Stationary
,,,Stationary
,,,Stationary
,,,Stationary
,,,Stationary
,,,Stationary
,,,Stationary
,,,Stationary
,,,Stationary
,,,Stationary
,,,Stationary
,,,Stationary
,,,Stationary
,,,Stationary
,,,Stationary
,,,Stationary
,,,Stationary
,,,Stationary
,,,Stationary
,,,Stationary
,,,Stationary
,,,Stationary
,,,Stationary
,,,Stationary
,,,Stationary
,,,Stationary
,,,Stationary
,,,Stationary
,,,Stationary
,,,Stationary
,,,Stationary
,,,Stationary
,,,Stationary
,,,Stationary
,,,Stationary
,,,Stationary
,,,Stationary
,,,Stationary
,,,Stationary
,,,Stationary
,,,Stationary
,,,Stationary
,,,Stationary
,,,Stationary
,,,Stationary
,,,Stationary
,,,Stationary
,,,Stationary
,,,Stationary
,,,Stationary
,,,Stationary
,,,Stationary
,,,Stationary
,,,Stationary
,,,Stationary
,,,Stationary
,,,Stationary
,,,Stationary
,,,Stationary
,,,Stationary
,,,Stationary
,,,Stationary
,,,Stationary
,,,Stationary
,,,Stationary
,,,Stationary
,,,Stationary
,,,Stationary
,,,Stationary
,,,Stationary
,,,Stationary
,,,Stationary
,,,Stationary
,,,Stationary
,,,Stationary
,,,Stationary
,,,Stationary
,,,Stationary
,,,Stationary
,,,Stationary
,,,Stationary
,,,Stationary
,,,Stationary
,,,Stationary
,,,Stationary
,,,Stationary
,,,Stationary
,,,Stationary
,,,Stationary
,,,Stationary
,,,Stationary
,,,Stationary
,,,Stationary
,,,Stationary
,,,Stationary
,,,Stationary
,,,Stationary
,,,Stationary
,,,Stationary
,,,Stationary
,,,Stationary
,,,Stationary
,,,Stationary
,,,Stationary
,,,Stationary
,,,Stationary
,,,Stationary
,,,Stationary
,,,Stationary
,,,Stationary
,,,Stationary
,,,Stationary
,,,Stationary
,,,Stationary
,,,Stationary
,,,Stationary
,,,Stationary
,,,Stationary
,,,Stationary
,,,Stationary
,,,Stationary
,,,Stationary
,,,Stationary
,,,Stationary
,,,Stationary
,,,Stationary
,,,Stationary
,,,Stationary
,,,Stationary
,,,Stationary
,,,Stationary
,,,Stationary
,,,Stationary
,,,Stationary
,,,Stationary
,,,Stationary
,,,Stationary
,,,Stationary
,,,Stationary
,,,Stationary
,,,Stationary
,,,Stationary
,,,Stationary
,,,Stationary
,,,Stationary
,,,Stationary
,,,Stationary
,,,Stationary
,,,Stationary
,,,Stationary
,,,Stationary
,,,Stationary
,,,Stationary
,,,Stationary
,,,Stationary
,,,Stationary
,,,Stationary
,,,Stationary
,,,Stationary
,,,Stationary
,,,Stationary
,,,Stationary
,,,Stationary
,,,Stationary
,,,Stationary
,,,Stationary
,,,Stationary
,,,Stationary
,,,Stationary
,,,Stationary
,,,Stationary
,,,Stationary
,,,Stationary
,,,Stationary
,,,Stationary
,,,Stationary
,,,Stationary
,,,Stationary
,,,Stationary
,,,Stationary
,,,Stationary
,,,Stationary
,,,Stationary
,,,Stationary
,,,Stationary
,,,Stationary
,,,Stationary
,,,Stationary
,,,Stationary
,,,Stationary
,,,Stationary
,,,Stationary
,,,Stationary
,,,Stationary
,,,Stationary
,,,Stationary
,,,Stationary
,,,Stationary
,,,Stationary
,,,Stationary
,,,Stationary
,,,Stationary
,,,Stationary
,,,Stationary
,,,Stationary
,,,Stationary
,,,Stationary
,,,Stationary
,,,Stationary
,,,Stationary
,,,Stationary
,,,Stationary
,,,Stationary
,,,Stationary
,,,Stationary
,,,Stationary
,,,Stationary
,,,Stationary
,,,Stationary
,,,Stationary
,,,Stationary
,,,Stationary
,,,Stationary
,,,Stationary
,,,Stationary
,,,Stationary
,,,Stationary
,,,Stationary
,,,Stationary
,,,Stationary
,,,Stationary
,,,Stationary
,,,Stationary
,,,Stationary
,,,Stationary
,,,Stationary
,,,Stationary
,,,Stationary
,,,Stationary
,,,Stationary
,,,Stationary
,,,Stationary
,,,Stationary
,,,Stationary
,,,Stationary
,,,Stationary
,,,Stationary
,,,Stationary
,,,Stationary
,,,Stationary
,,,Stationary
,,,Stationary
,,,Stationary
,,,Stationary
,,,Stationary
,,,Stationary
,,,Stationary
,,,Stationary
,,,Stationary
,,,Stationary
,,,Stationary
,,,Stationary
,,,Stationary
,,,Stationary
,,,Stationary
,,,Stationary
,,,Stationary
,,,Stationary
,,,Stationary
,,,Stationary
,,,Stationary
,,,Stationary
,,,Stationary
,,,Stationary
,,,Stationary
,,,Stationary
,,,Stationary
,,,Stationary
,,,Stationary
,,,Stationary
,,,Stationary
,,,Stationary
,,,Stationary
,,,Stationary
,,,Stationary
,,,Stationary
,,,Stationary
,,,Stationary
,,,Stationary
,,,Stationary
,,,Stationary
,,,Stationary
,,,Stationary
,,,Stationary
,,,Stationary
,,,Stationary
,,,Stationary
,,,Stationary
,,,Stationary
,,,Stationary
,,,Stationary
,,,Stationary
,,,Stationary
,,,Stationary
,,,Stationary
,,,Stationary
,,,Stationary
,,,Stationary
,,,Stationary
,,,Stationary
,,,Stationary
,,,Stationary
,,,Stationary
,,,Stationary
,,,Stationary
,,,Stationary
,,,Stationary
,,,Stationary
,,,Stationary
,,,Stationary
,,,Stationary
,,,Stationary
,,,Stationary
,,,Stationary
,,,Stationary
,,,Stationary
,,,Stationary
,,,Stationary
,,,Stationary
,,,Stationary
,,,Stationary
,,,Stationary
,,,Stationary
,,,Stationary
,,,Stationary
,,,Stationary
,,,Stationary
,,,Stationary
,,,Stationary
,,,Stationary
,,,Stationary
,,,Stationary
,,,Stationary
,,,Stationary
,,,Stationary
,,,Stationary
,,,Stationary
,,,Stationary
,,,Stationary
,,,Stationary
,,,Stationary
,,,Stationary
,,,Stationary
,,,Stationary
,,,Stationary
,,,Stationary
,,,Stationary
,,,Stationary
,,,Stationary
,,,Stationary
,,,Stationary
,,,Stationary
,,,Stationary
,,,Stationary
,,,Stationary
,,,Stationary
,,,Stationary
,,,Stationary
,,,Stationary
,,,Stationary
,,,Stationary
,,,Stationary
,,,Stationary
,,,Stationary
,,,Stationary
,,,Stationary
,,,Stationary
,,,Stationary
,,,Stationary
,,,Stationary
,,,Stationary
,,,Stationary
,,,Stationary
,,,Stationary
,,,Stationary
,,,Stationary
,,,Stationary
,,,Stationary
,,,Stationary
,,,Stationary
,,,Stationary
,,,Stationary
,,,Stationary
,,,Stationary
,,,Stationary
,,,Stationary
,,,Stationary
,,,Stationary
,,,Stationary
,,,Stationary
,,,Stationary
,,,Stationary
,,,Stationary
,,,Stationary
,,,Stationary
,,,Stationary
,,,Stationary
,,,Stationary
,,,Stationary
,,,Stationary
,,,Stationary
,,,Stationary
,,,Stationary
,,,Stationary
,,,Stationary
,,,Stationary
,,,Stationary
,,,Stationary
,,,Stationary
,,,Stationary
,,,Stationary
,,,Stationary
,,,Stationary
,,,Stationary
,,,Stationary
,,,Stationary
,,,Stationary
,,,Stationary
,,,Stationary
,,,Stationary
,,,Stationary
,,,Stationary
,,,Stationary
,,,Stationary
,,,Stationary
,,,Stationary
,,,Stationary
,,,Stationary
,,,Stationary
,,,Stationary
,,,Stationary
,,,Stationary
,,,Stationary
,,,Stationary
,,,Stationary
,,,Stationary
,,,Stationary
,,,Stationary
,,,Stationary
,,,Stationary
,,,Stationary
,,,Stationary
,,,Stationary
,,,Stationary
,,,Stationary
,,,Stationary
,,,Stationary
,,,Stationary
,,,Stationary
,,,Stationary
,,,Stationary
,,,Stationary
,,,Stationary
,,,Stationary
,,,Stationary
,,,Stationary
,,,Stationary
,,,Stationary
,,,Stationary
,,,Stationary
,,,Stationary
,,,Stationary
,,,Stationary
,,,Stationary
,,,Stationary
,,,Stationary
,,,Stationary
,,,Stationary
,,,Stationary
,,,Stationary
,,,Stationary
,,,Stationary
,,,Stationary
,,,Stationary
,,,Stationary
,,,Stationary
,,,Stationary
,,,Stationary
,,,Stationary
,,,Stationary
,,,Stationary
,,,Stationary
,,,Stationary
,,,Stationary
,,,Stationary
,,,Stationary
,,,Stationary
,,,Stationary
,,,Stationary
,,,Stationary
,,,Stationary
,,,Stationary
,,,Stationary
,,,Stationary
,,,Stationary
,,,Stationary
,,,Stationary
,,,Stationary
,,,Stationary
,,,Stationary
,,,Stationary
,,,Stationary
,,,Stationary
,,,Stationary
,,,Stationary
,,,Stationary
,,,Stationary
,,,Stationary
,,,Stationary
,,,Stationary
,,,Stationary
,,,Stationary
,,,Stationary
,,,Stationary
,,,Stationary
,,,Stationary
,,,Stationary
,,,Stationary
,,,Stationary
,,,Stationary
,,,Stationary
,,,Stationary
,,,Stationary
,,,Stationary
,,,Stationary
,,,Stationary
,,,Stationary
,,,Stationary
,,,Stationary
,,,Stationary
,,,Stationary
,,,Stationary
,,,Stationary
,,,Stationary
,,,Stationary
,,,Stationary
,,,Stationary
,,,Stationary
,,,Stationary
,,,Stationary
,,,Stationary
,,,Stationary
,,,Stationary
,,,Stationary
,,,Stationary
,,,Stationary
,,,Stationary
,,,Stationary
,,,Stationary
,,,Stationary
,,,Stationary
,,,Stationary
,,,Stationary
,,,Stationary
,,,Stationary
,,,Stationary
,,,Stationary
,,,Stationary
,,,Stationary
,,,Stationary
,,,Stationary
,,,Stationary
,,,Stationary
,,,Stationary
,,,Stationary
,,,Stationary
,,,Stationary
,,,Stationary
,,,Stationary
,,,Stationary
,,,Stationary
,,,Stationary
,,,Stationary
,,,Stationary
,,,Stationary
,,,Stationary
,,,Stationary
,,,Stationary
,,,Stationary
,,,Stationary
,,,Stationary
,,,Stationary
,,,Stationary
,,,Stationary
,,,Stationary
,,,Stationary
,,,Stationary
,,,Stationary
,,,Stationary
,,,Stationary
,,,Stationary
,,,Stationary
,,,Stationary
,,,Stationary
,,,Stationary
,,,Stationary
,,,Stationary
,,,Stationary
,,,Stationary
,,,Stationary
,,,Stationary
,,,Stationary
,,,Stationary
,,,Stationary
,,,Stationary
,,,Stationary
,,,Stationary
,,,Stationary
,,,Stationary
,,,Stationary
,,,Stationary
,,,Stationary
,,,Stationary
,,,Stationary
,,,Stationary
,,,Stationary
,,,Stationary
,,,Stationary
,,,Stationary
,,,Stationary
,,,Stationary
,,,Stationary
,,,Stationary
,,,Stationary
,,,Stationary
,,,Stationary
,,,Stationary
,,,Stationary
,,,Stationary
,,,Stationary
,,,Stationary
